"Year","Temp"
1901,24.3528104691935
1902,24.72281905136
1903,25.1805553498334
1904,25.3142040436247
1905,24.7155317413557
1906,23.462524280699
1907,23.3239922797207
1908,22.9849208053283
1909,23.3365686199548
1910,24.0821197003877
